trade_id,direction,entry_time,exit_time,net_pnl,trade_duration_hrs,MAE,MFE,rsi,rsi_slope,adx,adx_slope,atr,atr_percentile,ema_distance,ema_slope,time_of_day,day_of_week,kmeans_regime,gmm_regime,rule_regime
1,-1,2019-07-27 19:00:00+00:00,2019-07-29 01:00:00+00:00,-1038.0945394363505,30.0,-331.76096999999936,232.23903000000064,6.937092958021239,-0.058587753943641,58.92022243195508,6.793659797751701,119.81214285714304,0.5101851851851852,-2.477624027437844,-91.06368361130262,19,5,2,2,Trending_Calm
2,1,2019-08-06 07:00:00+00:00,2019-08-06 10:00:00+00:00,-1028.8034163714383,3.0,-551.132529999999,143.86747000000105,64.68526346628727,17.289877438508704,21.28057800290631,-6.306276687205656,142.26999999999992,0.5560185185185185,3.234103037094237,84.9777619684155,7,1,1,1,Ranging_Calm
3,-1,2019-08-22 02:00:00+00:00,2019-08-22 15:00:00+00:00,-1011.9046806641792,13.0,-369.5695149999992,0.0,33.06239898352904,-10.103834618093371,56.64853976475776,-4.961768364939758,140.73642857142866,0.5518518518518518,-2.6069348775364096,-50.30668681071438,2,3,2,2,Trending_Calm
4,1,2020-01-14 02:00:00+00:00,2020-01-14 14:00:00+00:00,1829.639143892349,12.0,-58.04591499999879,303.9540850000012,85.9944316668684,38.683170168306894,33.628496992270854,9.12542066789505,60.72357142857137,0.3930555555555555,0.9076369144053554,79.33796820576481,2,1,1,1,Trending_Calm
5,-1,2020-03-08 16:00:00+00:00,2020-03-08 23:00:00+00:00,1881.9662942739917,7.0,0.0,396.6495750000013,15.077635521656404,-5.1262545549980985,77.70098054512466,3.7348921706468303,70.36857142857154,0.3259259259259259,-2.450096256407135,-96.0371098470914,16,6,2,2,Trending_Calm
6,1,2020-04-22 16:00:00+00:00,2020-04-23 14:00:00+00:00,1900.227674184799,22.0,-95.70607499999916,622.2939250000009,91.8002525988534,28.0664486300186,50.22427487799602,13.292043795222426,51.19142857142866,0.0930555555555555,0.8579183905831962,74.1775110999206,16,2,1,1,Trending_Calm
7,-1,2020-06-25 04:00:00+00:00,2020-06-25 08:00:00+00:00,-1081.7659955672932,4.0,-237.3600650000008,0.0,21.02700822997581,-15.478424647696684,72.6490420322651,-2.6553924607459862,73.80714285714281,0.3361111111111111,-1.794971262693179,-49.67200478207269,4,3,2,2,Trending_Calm
8,1,2020-07-27 04:00:00+00:00,2020-07-27 16:00:00+00:00,1940.8096767022569,12.0,-133.97442500000034,526.0255749999997,77.23828319197338,30.54348713008877,41.61961929796855,-2.5000528808992755,84.29642857142855,0.6018518518518519,2.1807978579964664,102.71205240952077,4,0,3,3,Trending_Calm
9,-1,2020-09-21 10:00:00+00:00,2020-09-21 14:00:00+00:00,1942.0116739740567,4.0,0.0,398.3099949999996,30.042477710871395,-38.87540719106602,32.39526732128569,-5.584539790494354,63.9728571428572,0.4300925925925926,-0.4440999442587466,-59.629939791066136,10,0,0,0,Trending_Calm
10,1,2020-10-19 14:00:00+00:00,2020-10-20 11:00:00+00:00,1838.3962493034687,21.0,-8.900399999998626,287.37960000000203,70.75201351392104,11.999824372064792,40.24736186616314,1.8955718778477788,49.74785714285709,0.1222222222222222,0.5929702357562162,41.62120783867067,14,0,1,1,Trending_Calm
11,-1,2021-05-04 16:00:00+00:00,2021-05-05 13:00:00+00:00,-1103.242039653083,21.0,-2484.101269999992,875.638730000006,28.973750960113023,-7.344231132854809,51.58833754468924,-6.931257449142564,718.5392857142854,0.5148148148148148,-1.991848933848104,-693.4550290861807,16,1,2,2,Trending_Calm
12,1,2021-05-07 17:00:00+00:00,2021-05-09 12:00:00+00:00,-1102.6966472663105,43.0,-2093.4899999999907,1170.8500000000058,78.08951463639795,19.840589145730405,37.30030147851187,-1.5340932860466907,669.9092857142854,0.4550925925925926,0.8924675678622759,543.47077730819,17,4,1,1,Trending_Calm
13,-1,2021-05-12 23:00:00+00:00,2021-05-13 00:00:00+00:00,2041.33795505378,1.0,0.0,6912.500515000007,19.79496996220172,-4.0991493767257765,53.82943971974952,11.87144553279839,1011.1285714285716,0.7861111111111111,-2.451337696821863,-677.1776440456088,23,2,2,2,Trending_Volatile
14,1,2021-07-30 22:00:00+00:00,2021-08-01 23:00:00+00:00,-1111.7165859645547,49.0,-1780.6010099999912,1396.3889900000067,67.26984608961341,32.01033941973458,38.55935537415434,3.5168817046848773,581.2414285714294,0.4875,0.7427998073240447,727.9274297760494,22,4,1,1,Trending_Calm
15,-1,2021-09-29 00:00:00+00:00,2021-09-29 03:00:00+00:00,-1102.7511555465633,3.0,-1270.2625049999988,0.0,35.340847112547465,-6.132712464897807,25.04413201731876,-7.637269093095298,467.5707142857152,0.5800925925925926,-1.779908428925469,-115.6588289880965,0,2,0,0,Trending_Calm
16,1,2021-10-06 14:00:00+00:00,2021-10-11 14:00:00+00:00,2023.2360073659877,120.0,-666.9884949999978,3654.011505000002,75.30369322224476,30.50962709719481,39.958233888099656,-8.662912695624357,753.125,0.8337962962962963,3.043398653443428,779.134018334873,14,2,3,3,Trending_Volatile
17,-1,2021-12-03 20:00:00+00:00,2021-12-04 04:00:00+00:00,2056.227354538614,8.0,-233.67932999999172,4623.740670000007,14.21680535209235,-16.96063181623991,15.387625640594305,5.34805059172283,617.404285714286,0.612037037037037,-1.7460542083761552,-803.4367094777772,20,4,0,0,Ranging_Calm
18,1,2022-03-09 08:00:00+00:00,2022-03-10 04:00:00+00:00,-1126.043737507133,20.0,-2461.99555,782.064449999998,81.7226454495607,3.5391347591419446,50.56444858901673,12.902307661253609,498.5757142857141,0.7759259259259259,3.502785265921144,860.9259240696992,8,2,3,3,Trending_Volatile
19,-1,2022-04-18 05:00:00+00:00,2022-04-18 12:00:00+00:00,-1157.1037527220442,7.0,-730.109534999996,7.930464999997639,19.441016218704306,-9.29401917118119,33.09166000701728,8.989578679972148,320.7092857142857,0.124074074074074,-1.0743666637690197,-265.8836871215826,5,0,0,0,Trending_Calm
20,1,2022-08-08 09:00:00+00:00,2022-08-08 22:00:00+00:00,-1152.3876453183495,13.0,-474.6467299999968,99.47327000000224,83.03413327958785,11.100112572174282,32.658350796149314,8.73655177872281,166.8778571428575,0.0564814814814814,1.4484143108095322,284.6219081981799,9,0,1,1,Trending_Calm
21,-1,2022-08-27 00:00:00+00:00,2022-09-06 17:00:00+00:00,2033.8229787274795,257.0,-347.2295699999995,1329.0204300000005,25.18314600685721,-6.259124033160688,50.4648345187485,1.440912668861884,289.4321428571423,0.6453703703703704,-2.47554877998369,-197.607978228898,0,5,2,2,Trending_Calm
22,1,2022-11-04 15:00:00+00:00,2022-11-04 16:00:00+00:00,-1318.397454945478,1.0,-559.3291449999997,0.0,88.57662192393718,17.357234313619358,47.55835610895627,4.562799223630691,163.58071428571384,0.3708333333333333,1.2961864086081731,196.035532097656,15,4,1,1,Trending_Calm
23,-1,2022-11-13 10:00:00+00:00,2022-11-14 02:00:00+00:00,2007.3472979965009,16.0,-197.80928999999745,618.700710000001,27.11976545067722,-1.9090477257543057,24.88899509142216,6.194726403952547,116.19785714285716,0.2125,-1.1257572025924565,-87.8561022220274,10,6,0,0,Ranging_Calm
24,1,2023-01-12 18:00:00+00:00,2023-01-13 21:00:00+00:00,2077.4533572331625,27.0,-132.35853000000134,1065.3414699999994,70.71006317384315,39.31416036298084,58.73093294727882,-9.756729353539278,188.66571428571453,0.8023148148148148,2.4857995262594392,118.81944162320724,18,3,3,3,Trending_Volatile
25,-1,2023-03-09 20:00:00+00:00,2023-03-09 21:00:00+00:00,2196.293593041308,1.0,0.0,733.6918499999992,12.171784601690987,-12.552687810782883,61.20363493703659,5.427712139778535,164.14714285714294,0.6736111111111112,-1.9845633136064451,-262.2692064973053,20,3,2,2,Trending_Calm
26,1,2023-03-17 07:00:00+00:00,2023-03-17 22:00:00+00:00,2163.182941536161,15.0,-235.8904199999997,1602.92958,77.02131375966144,5.472598417744038,47.85986010547232,3.941099224451413,297.92285714285754,0.9388888888888888,2.860491274166551,301.8268189890477,7,4,3,3,Trending_Volatile
27,-1,2023-05-12 04:00:00+00:00,2023-05-14 15:00:00+00:00,-1215.950847267782,59.0,-628.9621649999972,759.5778350000037,28.055153930246448,-4.505993379926679,66.34179064860383,8.090918423785475,236.192142857143,0.7851851851851852,-1.6656820231638427,-156.08928959452533,4,4,2,2,Trending_Volatile
28,1,2023-06-21 17:00:00+00:00,2023-07-13 19:00:00+00:00,2178.504281879041,530.0,-679.6622900000002,1624.5377100000003,82.36251817484562,3.736672800029453,86.26456423518468,0.3424748652692528,328.2728571428574,0.9328703703703703,4.5826741439297525,455.18335124050645,17,2,3,3,Trending_Volatile
29,-1,2023-08-17 22:00:00+00:00,2023-08-17 23:00:00+00:00,-1209.3313118942767,1.0,-759.1969649999992,0.0,3.830691544325433,-8.381737789845445,84.7795377916472,7.325570631636026,369.6849999999998,0.8662037037037037,-3.020871489130516,-468.4750886748043,22,3,2,2,Trending_Volatile
30,1,2023-10-15 21:00:00+00:00,2023-10-15 22:00:00+00:00,-762.3922400433727,1.0,-146.52310000000216,73.52690000000075,83.51939257131113,12.800958586825146,31.49603344029197,8.31184753085694,69.72428571428567,0.1537037037037037,0.3372817217348454,94.39367816096274,21,6,1,1,Trending_Calm
31,-1,2024-01-23 00:00:00+00:00,2024-01-26 10:00:00+00:00,-1183.6949747444626,82.0,-1207.7440100000022,993.235990000001,29.782401792187244,-1.6415913631906562,59.22488783690225,1.0376255444776632,500.9399999999992,0.9430555555555556,-2.081778395999157,-341.4142002373774,0,1,2,2,Trending_Volatile
32,1,2024-02-07 21:00:00+00:00,2024-02-08 15:00:00+00:00,2098.9155495379905,18.0,-27.55568499999936,1313.704315000003,78.50801281269965,7.233764650119269,42.359405782994735,9.57269560265761,269.7085714285708,0.4194444444444444,0.8391745726265528,309.1320036811667,21,2,1,1,Trending_Calm
33,-1,2024-04-25 11:00:00+00:00,2024-04-25 17:00:00+00:00,-1219.218792075382,6.0,-1426.5809999999983,636.2690000000002,38.78502570137938,1.8083621430502603,49.34683211998741,-8.977118112981103,448.1171428571439,0.4703703703703704,-1.6314445065134255,-244.7507822566913,11,3,2,2,Trending_Calm
34,1,2024-05-21 00:00:00+00:00,2024-05-21 15:00:00+00:00,-1193.6943283751966,15.0,-1797.3333100000018,0.0,85.89384351687303,3.3771116062784188,50.28956945446656,14.695573858221046,741.7471428571433,0.6615740740740741,2.561272820547745,915.8508390070348,0,1,3,3,Trending_Calm
35,-1,2024-06-21 14:00:00+00:00,2024-06-22 06:00:00+00:00,-1226.555750672489,16.0,-947.207604999996,137.99239500000112,28.29070298550852,0.3870041487131601,62.64923907257089,11.91307641165934,428.9499999999997,0.3851851851851852,-1.1893571289559977,-269.6260304023308,14,4,2,2,Trending_Calm
36,1,2024-07-20 18:00:00+00:00,2024-07-21 06:00:00+00:00,-1248.4928813661388,12.0,-825.6215049999882,69.83849500001816,76.153223278655,17.438773643379072,27.742864793072503,-6.739418716082895,262.16714285714363,0.0981481481481481,1.4141017177471078,234.0994097373914,18,5,1,1,Trending_Calm
37,-1,2024-08-11 21:00:00+00:00,2024-08-12 11:00:00+00:00,-1173.9602802155864,14.0,-1514.3424549999909,833.44754500001,8.771642172241755,-18.75636765038091,26.48183383239753,-3.0429487602722283,517.302857142857,0.500462962962963,-0.7055640440970736,-522.1422573992095,21,6,0,0,Trending_Calm
38,1,2024-09-19 16:00:00+00:00,2024-09-26 17:00:00+00:00,2066.514160024758,169.0,-835.6070149999941,2653.392985000006,77.33283177708049,-5.29950954885382,63.25167109149397,2.4824409386248334,432.19357142857086,0.4976851851851852,2.493812005039816,369.1630425662879,16,3,3,3,Trending_Calm
39,-1,2025-01-13 11:00:00+00:00,2025-01-13 20:00:00+00:00,-1184.2332042644236,9.0,-2183.982479999977,2342.447520000016,26.00215471347512,-8.256816659822263,18.62423520053597,1.243248220595511,785.2585714285722,0.5986111111111111,-0.8905654965619708,-789.2680864645226,11,0,0,0,Ranging_Calm
40,1,2025-01-19 20:00:00+00:00,2025-01-19 21:00:00+00:00,-1166.9973393744683,1.0,-2568.889999999985,115.23000000001048,59.292536330328105,8.383922694401043,19.00522691694656,0.3058609640689234,840.5921428571424,0.7162037037037037,1.056263478552568,277.4121011085808,20,6,1,1,Ranging_Volatile
41,-1,2025-02-16 14:00:00+00:00,2025-02-17 15:00:00+00:00,994.8735857958136,25.0,-488.43118500000855,1229.948814999996,29.540045573466287,-7.979280284880787,40.68486140234959,9.60117946452466,208.77571428571537,0.0027777777777777,-0.096940711312051,-141.4458703965356,14,6,0,0,Trending_Calm
42,1,2025-04-21 02:00:00+00:00,2025-04-22 13:00:00+00:00,2026.1602384155624,35.0,-946.9465400000043,3162.2734599999967,85.42896823619022,31.7049401524462,44.229502085605766,-1.821099063801057,482.731428571431,0.2453703703703703,0.6592366444916289,792.49599093695,2,0,1,1,Trending_Calm
43,-1,2025-08-25 20:00:00+00:00,2025-08-27 14:00:00+00:00,-1194.9885627340204,42.0,-1964.2280649999884,1994.111935000008,36.04329209026184,-4.904677611953062,45.33267324546522,-5.112117843377085,816.5571428571441,0.8412037037037037,-1.1060669037216329,-134.75044469960267,20,0,2,2,Trending_Volatile
44,1,2025-10-03 15:00:00+00:00,2025-10-03 16:00:00+00:00,1936.3865967967563,1.0,0.0,2917.431450000004,64.79289383335797,11.553168191035006,19.85830279678061,-4.754169852124136,448.55285714285753,0.324074074074074,1.1919615441942226,198.39507321361447,15,4,1,1,Ranging_Calm
45,-1,2025-10-29 17:00:00+00:00,2025-10-30 04:00:00+00:00,2085.7843836904544,11.0,-979.4331749999836,3125.7368250000145,31.45674587518363,-18.13654681946876,39.63234210182495,-1.318724185131131,540.0278571428571,0.475462962962963,-0.8625689898524118,-652.8864686393354,17,2,0,2,Trending_Calm
46,1,2026-01-12 03:00:00+00:00,2026-01-12 07:00:00+00:00,-1219.268944418382,4.0,-868.3017799999943,41.148220000002766,70.38182398020807,13.925880491832936,30.989837431993955,1.2331133005214738,431.7685714285731,0.1953703703703703,0.3603328517298215,396.98089898598846,3,0,1,1,Trending_Calm
47,-1,2026-01-25 20:00:00+00:00,2026-01-26 01:00:00+00:00,-1260.538013490925,5.0,-1358.067584999997,377.202415000007,18.13731998774392,-11.250875659197106,64.20250474420504,1.4259733248025626,497.2164285714295,0.2634259259259259,-1.1049032625483453,-641.3223174334271,20,6,2,2,Trending_Calm
48,1,2026-03-25 11:00:00+00:00,2026-03-26 05:00:00+00:00,-1201.5024636152668,18.0,-1594.1906999999774,426.5593000000226,78.84449943056615,-1.0174787873189215,40.9188454446015,9.815363208786035,419.25642857142833,0.3324074074074074,0.879077213255607,287.93954426770506,11,2,1,1,Trending_Calm
49,-1,2026-05-28 04:00:00+00:00,2026-05-29 17:00:00+00:00,-1194.8649793366687,37.0,-1292.7290000000066,708.880999999994,24.336787345028892,-3.786660732547574,48.62909731128399,6.387161331203046,499.79999999999774,0.586574074074074,-1.552583475665858,-428.9097317057167,4,3,2,2,Trending_Calm
