entry_time,exit_time,direction,entry_price,exit_price,size,gross_pnl,holding_duration_hours,exit_reason,entry_atr,sig_time,dollar_risk,stop_distance,r_multiple,brick_size,partial_exit_done,mae,mfe,commission_paid,net_pnl,pnl_pct,trade_id,slippage_cost
2019-01-20 11:30:00,2019-01-20 11:45:00,-1,3628.1850000000004,3593.2347195000007,27.56199036157197,963.2992942752294,0.25,take_profit,9.186499999999956,2019-01-20 11:15:00,1000.0,13.779749999999934,0.863780943922367,18.372999999999912,False,0.0,52.32500000000027,99.51835035286238,863.780943922367,0.00863780943922367,0,0.0
2019-02-09 08:15:00,2019-02-09 08:30:00,1,3675.9570599999997,3662.60484147,27.438781056904503,-366.36860086860906,0.25,stop_loss,7.680000000000018,2019-02-09 08:00:00,1008.6378094392237,11.520000000000028,-0.4630494644770101,15.360000000000037,False,-18.45705999999973,1.3629400000004352,100.68059664348806,-467.0491975120971,-0.004630494644770102,1,0.0
2019-03-03 23:30:00,2019-03-03 23:45:00,-1,3791.513295,3804.2857372725,26.47933000229932,-338.2057138688341,0.25,stop_loss,7.247499999999945,2019-03-03 23:15:00,1003.9673174641027,10.871249999999918,-0.437037681246897,14.49499999999989,False,-17.4867049999998,0.0,100.56583460334468,-438.7715484721788,-0.00437037681246897,2,0.0
2019-03-09 07:15:00,2019-03-09 10:45:00,1,3918.9484949999996,3905.0465000000004,25.506321485334574,-354.58875375749494,3.5,price_below_ema,9.371999999999934,2019-03-09 07:00:00,999.5796019793809,14.0579999999999,-0.4545605159196985,18.74399999999987,False,-12.948494999999639,13.711505000000216,99.78066582105933,-454.36941957855424,-0.004545605159196985,3,0.0
2019-06-06 18:15:00,2019-06-06 20:00:00,-1,7562.876670000001,7648.53227496,12.159310644311399,-1041.5131091350534,1.75,stop_loss,54.55549999999998,2019-06-06 18:00:00,995.0359077835953,81.83324999999996,-1.1396505629738458,109.11099999999996,False,-88.63332999999966,102.84667000000081,92.48012334971288,-1133.9932324847662,-0.012331459774086125,4,0.0
2019-06-15 15:30:00,2019-06-15 16:30:00,1,8721.198419999999,8824.800419999998,5.639683493514346,584.2824892950673,1.0,partial_profit,25.900499999999738,2019-06-15 15:15:00,491.84798772937387,38.85074999999961,1.0873391019579506,51.800999999999476,False,0.0,119.25158000000192,49.47694001758492,534.8055492774824,0.010873391019579506,5,0.0
2019-06-15 15:30:00,2019-06-15 16:30:00,1,8721.198419999999,8820.388019789998,5.639683493514346,559.3979486639524,1.0,take_profit,25.900499999999738,2019-06-15 15:15:00,491.84798772937387,38.85074999999961,1.0367704324069742,51.800999999999476,True,0.0,119.25158000000192,49.46449774726936,509.93345091668306,0.010367704324069742,6,0.0
2019-07-04 23:15:00,2019-07-05 14:30:00,-1,11194.649875000001,11375.1423538125,5.687066880391106,-1026.4727984142567,15.25,stop_loss,116.53850000000011,2019-07-04 23:00:00,994.1433654606894,174.80775000000017,-1.097075930139854,233.07700000000023,False,-212.18012499999895,398.20987500000047,64.17795894089407,-1090.6507573551507,-0.01713116328498887,7,0.0
2019-07-06 04:00:00,2019-07-06 05:45:00,1,11451.532904999998,11313.650345,7.100016123820575,-978.968399193645,1.75,price_below_ema,92.32250000000003,2019-07-06 03:45:00,983.236857887138,138.48375000000004,-1.0778531894536227,184.64500000000007,False,-166.522904999998,58.45709500000157,80.81658406836505,-1059.78498326201,-0.013034512747182137,8,0.0
2019-07-14 10:30:00,2019-07-14 15:45:00,-1,10742.975825000001,10349.6060419125,6.507981646799373,2560.0433287389055,5.25,take_profit,99.63549999999995,2019-07-14 10:15:00,972.6390080545178,149.4532499999999,2.5614932572830953,199.2709999999999,False,-73.69417499999872,447.97582500000135,68.63506783673992,2491.4082609021657,0.035634771816499405,9,0.0
2019-08-02 07:15:00,2019-08-02 09:30:00,1,10519.507125,10453.1964121875,9.482888112626659,-628.8170702694503,2.25,stop_loss,40.721000000000004,2019-08-02 07:00:00,997.5530906635395,61.081500000000005,-0.7300443230708215,81.44200000000001,False,-79.3271249999998,38.352875000000495,99.44090053121923,-728.2579708006695,-0.007300443230708215,10,0.0
2019-08-14 16:30:00,2019-08-14 23:15:00,-1,10387.36372,10092.943669859998,8.818159653741656,2596.243007397152,6.75,take_profit,74.8659999999999,2019-08-14 16:15:00,990.2705109555328,112.29899999999985,2.5305647997317107,149.7319999999998,False,-39.636280000000625,317.3637199999994,90.29931016074526,2505.9436972364065,0.027358231030064573,11,0.0
2019-09-04 17:15:00,2019-09-04 20:45:00,1,10639.987335,10589.012845,9.542586057297191,-486.42845755184,3.5,price_below_ema,53.444999999999894,2019-09-04 17:00:00,1015.3299479278969,80.16749999999985,-0.5788445808333335,106.88999999999979,False,-88.9873349999998,159.0126650000002,101.2897805640138,-587.7182381158538,-0.005788445808333334,12,0.0
2019-09-18 09:00:00,2019-09-18 09:15:00,-1,10157.19886,10191.10386543,9.938298732360728,-336.9580724856398,0.25,stop_loss,19.207999999999902,2019-09-18 08:45:00,1009.4527655467384,28.811999999999856,-0.43396961505107035,38.415999999999805,False,-29.391139999999723,0.0,101.11375559091665,-438.0718280765564,-0.004339696150510703,13,0.0
2019-10-11 04:45:00,2019-10-11 05:00:00,1,8589.702705,8697.254705,5.850447226077615,629.2273000590978,0.25,partial_profit,26.887999999999828,2019-10-11 04:30:00,502.5360236329864,40.33199999999974,1.1514778181720513,53.775999999999655,False,0.0,189.80729500000052,50.56821601332818,578.6590840457696,0.011514778181720513,14,0.0
2019-10-11 04:45:00,2019-10-11 05:00:00,1,8589.702705,8693.321165000001,5.850447226077615,606.2143318774431,0.25,take_profit,26.887999999999828,2019-10-11 04:30:00,502.5360236329864,40.33199999999974,1.1057070462952827,53.775999999999655,True,0.0,189.80729500000052,50.55670952923736,555.6576223482058,0.011057070462952828,15,0.0
2019-10-18 05:30:00,2019-10-18 05:45:00,-1,8007.35432,7906.561304999999,12.693521152064026,1279.4182678828206,0.25,take_profit,20.96650000000009,2019-10-18 05:15:00,1016.4152143299126,31.449750000000133,1.1593849038954618,41.93300000000018,False,0.0,113.31432000000041,101.00181229904985,1178.4164555837708,0.011593849038954617,16,0.0
2019-10-26 01:45:00,2019-10-26 02:00:00,1,10313.113979999998,10022.216385,3.969023604493825,-1154.5794210454792,0.25,stop_loss,172.70399999999964,2019-10-26 01:30:00,1028.1993788857503,259.0559999999995,-1.1621628535239452,345.4079999999993,False,-649.1139799999983,0.0,40.35570311193251,-1194.9351241574118,-0.02919246900270355,17,0.0
2019-11-11 04:45:00,2019-11-11 05:30:00,-1,8952.98127,8868.757432634999,11.35096787312028,956.0220720810406,0.75,take_profit,22.164000000000122,2019-11-11 04:30:00,1016.2500276441762,33.24600000000018,0.8412054682393421,44.328000000000245,False,-3.4087299999991956,102.98127000000022,101.14699172837709,854.8750803526635,0.00841205468239342,18,0.0
2019-12-08 09:30:00,2019-12-08 15:00:00,1,7482.809534999999,7559.023535,6.847687179890935,521.8896307282135,5.5,partial_profit,19.053500000000167,2019-12-08 09:15:00,512.3993892238514,28.580250000000248,0.9180119197701972,38.10700000000033,False,-16.51953499999945,81.19046500000059,51.50088373774925,470.3887469904643,0.009180119197701972,19,0.0
2019-12-08 09:30:00,2019-12-08 15:00:00,1,7482.809534999999,7555.244023232501,6.847687179890935,496.0087164516598,5.5,take_profit,19.053500000000167,2019-12-08 09:15:00,512.3993892238514,28.580250000000248,0.8675279138103178,38.10700000000033,True,-16.51953499999945,81.19046500000059,51.48794328061097,444.5207731710488,0.008675279138103177,20,0.0
2019-12-14 08:45:00,2019-12-14 13:00:00,-1,7188.923740000001,7143.189549870001,14.382512752170573,657.7725727549137,4.25,take_profit,12.325999999999794,2019-12-14 08:30:00,1033.947873649318,18.48899999999969,0.5364938463662803,24.65199999999959,False,-16.436259999998583,52.953740000000835,103.06590107855433,554.7066716763593,0.005364938463662802,21,0.0
2019-12-22 19:00:00,2019-12-23 00:00:00,1,7396.6965,7552.7625,7.0267513366682115,1096.6369741084598,5.0,partial_profit,39.01650000000004,2019-12-22 18:45:00,519.7474701830408,58.52475000000007,2.008886947031013,78.03300000000009,False,-39.53650000000016,199.30349999999999,52.52306550535831,1044.1139086031014,0.020088869470310133,22,0.0
2019-12-22 19:00:00,2019-12-23 00:00:00,1,7396.6965,7548.98611875,7.0267513366682115,1070.1012821122551,5.0,take_profit,39.01650000000004,2019-12-22 18:45:00,519.7474701830408,58.52475000000007,1.957857503557501,78.03300000000009,True,-39.53650000000016,199.30349999999999,52.5097976593602,1017.591484452895,0.019578575035575013,23,0.0
2020-01-02 17:00:00,2020-01-02 17:15:00,-1,7048.79384,6958.09114692,15.039622641263707,1364.1342764695646,0.25,take_profit,23.54499999999998,2020-01-02 16:45:00,1060.1119942966416,35.31749999999997,1.187426565259571,47.08999999999996,False,0.0,124.05384000000049,105.32913229142937,1258.8051441781352,0.011874265652595712,24,0.0
2020-01-06 02:15:00,2020-01-06 07:45:00,1,7483.870065,7504.156045000001,14.333493719447985,290.7689669228555,5.5,price_below_ema,31.969499999999925,2020-01-06 02:00:00,1072.700045738423,47.95424999999989,0.1709271651418037,63.93899999999985,False,0.0,96.12993499999993,107.41538905730371,183.35357786555178,0.0017092716514180372,25,0.0
2020-02-18 10:15:00,2020-02-18 10:30:00,-1,9639.957610000001,9694.564970055002,11.146662931405547,-608.6898361069929,0.25,stop_loss,33.17500000000009,2020-02-18 10:00:00,1074.5335815170783,49.76250000000013,-0.6667521159880727,66.35000000000018,False,-60.042389999998704,0.0,107.75770306976133,-716.4475391767542,-0.006667521159880727,26,0.0
2020-03-24 23:30:00,2020-03-25 00:00:00,1,6781.709159999999,6641.607535000001,12.773379121195171,-1789.5711716204953,0.5,price_below_ema,55.70799999999999,2020-03-24 23:15:00,1067.3691061253107,83.56199999999998,-1.7569383613065561,111.41599999999998,False,-166.72915999999987,0.0,85.7305566045518,-1875.301728225047,-0.021648419282477523,27,0.0
2020-04-15 22:30:00,2020-04-15 23:00:00,-1,6695.640505,6617.5736382525,15.661176672493115,1222.618992400578,0.5,take_profit,20.34350000000004,2020-04-15 22:15:00,1048.6160888430602,30.515250000000062,1.0665187239749203,40.68700000000008,False,-25.729494999999588,85.56050500000038,104.25029938810573,1118.3686930124722,0.010665187239749203,28,0.0
2020-04-20 04:45:00,2020-04-20 05:00:00,1,7208.6525249999995,7170.153130000001,14.701773626870509,-566.0093900614544,0.25,stop_loss,23.052999999999884,2020-04-20 04:30:00,1059.799775773185,34.579499999999825,-0.6338049679749117,46.10599999999977,False,-48.91252499999973,0.0,105.69697288228777,-671.7063629437422,-0.006338049679749118,29,0.0
2020-04-23 06:15:00,2020-04-23 08:15:00,-1,7048.424025,7092.975740512499,14.940683313157333,-665.6330725301259,2.0,stop_loss,27.337999999999965,2020-04-23 06:00:00,1053.0827121437476,41.00699999999995,-0.732396564283818,54.67599999999993,False,-44.10597499999949,28.424025000000256,105.64108775063981,-771.2741602807657,-0.007323965642838182,30,0.0
2020-04-23 14:00:00,2020-04-23 14:15:00,1,7237.306844999999,7358.494844999999,7.222092367571435,875.2309298412478,0.25,partial_profit,30.296999999999933,2020-04-23 13:45:00,522.68498527047,45.445499999999896,1.5736530396480668,60.593999999999866,False,0.0,500.69315500000084,52.70611399196762,822.5248158492801,0.01573653039648067,31,0.0
2020-04-23 14:00:00,2020-04-23 14:15:00,1,7237.306844999999,7354.8155975775,7.222092367571435,848.6590651128078,0.25,take_profit,30.296999999999933,2020-04-23 13:45:00,522.68498527047,45.445499999999896,1.522841213128251,60.593999999999866,True,0.0,500.69315500000084,52.6928280596034,795.9662370532044,0.01522841213128251,32,0.0
2020-05-23 10:00:00,2020-05-23 11:30:00,-1,9134.210610000002,9185.758694055003,11.621747367066286,-599.0788101435171,1.5,stop_loss,31.30500000000011,2020-05-23 09:45:00,1061.5548810699647,46.95750000000017,-0.6646230451547283,62.61000000000022,False,-50.79938999999831,32.05061000000205,106.45502751206823,-705.5338376555853,-0.0066462304515472834,33,0.0
2020-05-30 22:45:00,2020-05-30 23:15:00,1,9704.85,9640.435371,10.86569645788867,-699.9098061615214,0.5,stop_loss,39.727999999999795,2020-05-30 22:30:00,1054.4995426934088,59.59199999999969,-0.7634046037342234,79.45599999999959,False,-67.89000000000124,35.149999999999636,105.0999993662601,-805.0098055277815,-0.007634046037342235,34,0.0
2020-06-14 13:15:00,2020-06-14 13:45:00,-1,9382.816245,9408.6419649975,11.152828930181515,-288.02983713088105,0.5,stop_loss,14.082499999999891,2020-06-14 13:00:00,1046.449444638131,21.123749999999838,-0.3753824884001911,28.164999999999782,False,-39.48375499999929,0.0,104.78895938237854,-392.8187965132596,-0.003753824884001911,35,0.0
2020-07-10 15:30:00,2020-07-10 17:15:00,1,9235.17528,9202.39578036,11.28859198731958,-370.0343969844366,1.75,stop_loss,18.784000000000198,2020-07-10 15:15:00,1042.5212566729983,28.176000000000297,-0.4547643536461271,37.568000000000396,False,-29.175279999999475,17.23472000000038,104.06710846880762,-474.1015054532443,-0.004547643536461271,36,0.0
2020-07-18 02:30:00,2020-07-18 02:45:00,-1,9121.696870000002,9144.640034999999,11.377052498111196,-261.0255926777927,0.25,stop_loss,9.703000000000065,2020-07-18 02:15:00,1037.7802416184659,14.554500000000097,-0.3516487547179032,19.40600000000013,False,-22.61312999999791,0.0,103.9085369581855,-364.9341296359782,-0.0035164875471790312,37,0.0
2020-07-21 13:30:00,2020-07-21 13:45:00,1,9429.082185000001,9393.165252907502,10.967460883597187,-393.91754778330295,0.25,stop_loss,20.81200000000008,2020-07-21 13:15:00,1034.1309003221063,31.218000000000117,-0.48072606561391507,41.62400000000016,False,-44.352185000001555,0.0,103.21613125831897,-497.1336790416219,-0.0048072606561391515,38,0.0
2020-08-23 11:00:00,2020-08-23 12:15:00,-1,11522.945645,11563.6993551975,8.931393024302423,-363.9874029723892,1.25,stop_loss,23.316499999999998,2020-08-23 10:45:00,1029.1595635316899,34.97475,-0.45385124870645177,46.632999999999996,False,-40.734355000000505,8.815645000000586,103.09795005465517,-467.08535302704433,-0.004538512487064518,39,0.0
2020-09-01 16:00:00,2020-09-01 16:45:00,1,12045.349665,11974.9282056675,8.50526334638721,-598.9530568598062,0.75,stop_loss,42.95400000000027,2020-09-01 15:45:00,1024.4887100014196,64.43100000000041,-0.6843437555603192,85.90800000000054,False,-64.75966499999959,0.0,102.14939447171204,-701.1024513315183,-0.006843437555603193,40,0.0
2020-09-03 12:30:00,2020-09-03 13:45:00,-1,10787.443580000001,10927.38854379,7.5657898745434835,-1058.7941900357346,1.25,stop_loss,89.65599999999986,2020-09-03 12:15:00,1017.4776854881044,134.4839999999998,-1.1213406788309017,179.31199999999973,False,-137.43641999999818,37.44358000000102,82.14492850479098,-1140.9391185405257,-0.013979436252300172,41,0.0
2020-09-16 08:00:00,2020-09-16 08:15:00,1,10921.548045,10864.3578986025,9.211773735347782,-526.822688505177,0.25,stop_loss,34.503500000000074,2020-09-16 07:45:00,1006.0682943026991,51.75525000000011,-0.6233832336659412,69.00700000000015,False,-56.54804499999955,0.0,100.34341808601732,-627.1661065911943,-0.006233832336659411,42,0.0
2020-09-23 18:45:00,2020-09-23 19:00:00,-1,10418.258265,10332.019693132499,9.596581384391195,827.5954734001459,0.25,take_profit,22.85049999999983,2020-09-23 18:30:00,999.7966332367872,34.275749999999746,0.7281776949540338,45.70099999999966,False,0.0,162.72826499999974,99.56586558697865,728.0296078131673,0.007281776949540339,43,0.0
2020-09-27 23:45:00,2020-09-28 00:00:00,1,10770.882749999999,10855.026749999999,4.674997178457443,393.37296258412414,0.25,partial_profit,21.035999999999966,2020-09-27 23:30:00,503.53846465745943,31.55399999999995,0.6808266968647507,42.07199999999993,False,0.0,124.10725000000093,50.550532947038,342.82242963708615,0.006808266968647508,44,0.0
2020-09-27 23:45:00,2020-09-28 00:00:00,1,10770.882749999999,10849.599236625,4.674997178457443,367.99935286996026,0.25,take_profit,21.035999999999966,2020-09-27 23:30:00,503.53846465745943,31.55399999999995,0.6304612835163207,42.07199999999993,True,0.0,124.10725000000093,50.53784614218092,317.46150672777935,0.006304612835163207,45,0.0
2020-10-02 05:15:00,2020-10-02 10:15:00,-1,10488.033360000001,10380.797164680002,9.665108165508041,1036.4494270253447,5.0,take_profit,28.105999999999767,2020-10-02 05:00:00,1013.6797686785675,42.15899999999965,0.9229736093980133,56.211999999999534,False,-40.526639999998224,114.03336000000127,100.84975215434409,935.5996748710006,0.009229736093980133,46,0.0
2020-10-07 19:00:00,2020-10-07 22:00:00,1,10669.301984999998,10643.89539,9.58859133301847,-243.6134566184966,3.0,price_below_ema,18.87850000000026,2020-10-07 18:45:00,1023.0357654272775,28.317750000000387,-0.3380089319638708,37.75700000000052,False,-28.30198499999824,8.558015000002342,102.1817698144185,-345.7952264329151,-0.003380089319638708,47,0.0
2020-12-11 00:30:00,2020-12-11 01:30:00,-1,18105.952494999998,17856.302184247495,5.631174683820181,1405.8245097173317,1.0,take_profit,64.64349999999976,2020-12-11 00:15:00,1019.5778131629484,96.96524999999964,1.2795194479652725,129.28699999999952,False,0.0,285.90249499999845,101.25486906143615,1304.5696406558955,0.012795194479652727,48,0.0
2020-12-15 15:30:00,2020-12-15 21:15:00,1,19412.74152,19381.854225,5.31930798391173,-164.29903489493924,5.75,price_below_ema,67.59150000000045,2020-12-15 15:15:00,1032.6235095695074,101.38725000000068,-0.2590288075524762,135.1830000000009,False,-84.68151999999827,134.25848000000042,103.18020143950326,-267.4792363344425,-0.002590288075524762,49,0.0
2021-01-18 05:30:00,2021-01-18 05:45:00,-1,34827.287645000004,35295.8387448225,2.2841457251218995,-1070.238991660711,0.25,stop_loss,300.6079999999991,2021-01-18 05:15:00,1029.9487172061629,450.91199999999867,-1.1168757163646241,601.2159999999982,False,-649.7723549999937,0.0,80.08571968774787,-1150.3247113484588,-0.014460289533621067,50,0.0
2021-02-01 01:45:00,2021-02-01 06:45:00,1,33487.405334999996,33502.130555,2.6224077105558625,38.61553046765117,5.0,price_below_ema,258.9084999999999,2021-02-01 01:30:00,1018.4454700926783,388.36274999999983,-0.04832993881362842,517.8169999999998,False,-264.52533499999845,939.5946650000042,87.83693772224734,-49.22140725459617,-0.0005604957373444251,51,0.0
2021-02-25 20:15:00,2021-02-25 23:45:00,-1,48846.02477,46818.666404385,1.32367869022628,2683.5710660165555,3.5,take_profit,512.6890000000003,2021-02-25 20:00:00,1017.9532560201325,769.0335000000005,2.5740439396044605,1025.3780000000006,False,-453.9752299999964,2171.684770000007,63.31465655730575,2620.25640945925,0.040525836633559235,52,0.0
2021-03-08 20:45:00,2021-03-08 21:00:00,1,51908.551305,51508.4037195975,2.0115294953611014,-804.908670534649,0.25,stop_loss,249.58699999999953,2021-03-08 20:30:00,1044.155820114725,374.3804999999993,-0.8704848267866646,499.17399999999907,False,-394.261305,0.0,104.01312767620516,-908.9217982108541,-0.008704848267866647,53,0.0
2021-03-23 21:30:00,2021-03-23 21:45:00,-1,54272.850000000006,54745.92978525001,1.907153580717829,-902.235806404766,0.25,stop_loss,297.1470000000001,2021-03-23 21:15:00,1035.0666021326165,445.72050000000013,-0.9721051596564922,594.2940000000002,False,-486.70999999999185,0.0,103.95777811646403,-1006.19358452123,-0.009721051596564922,54,0.0
2021-03-30 09:45:00,2021-03-30 14:00:00,1,58791.380999999994,58766.90185000001,1.7434607741012313,-42.678437808313404,4.25,price_below_ema,264.94700000000086,2021-03-30 09:30:00,1025.0046662874042,397.4205000000013,-0.14161649209258184,529.8940000000017,False,-166.38099999999395,576.619000000006,102.47912740983625,-145.15756521814967,-0.0014161649209258186,55,0.0
2021-04-19 15:45:00,2021-04-19 16:00:00,-1,54566.213245000006,55322.2725576225,1.4051842784512376,-1062.4026596737754,0.25,stop_loss,485.60799999999983,2021-04-19 15:30:00,1023.5530906352226,728.4119999999998,-1.113385770036468,971.2159999999997,False,-964.4467549999972,214.54324500000803,77.20678631632859,-1139.609445990104,-0.014862742112640867,56,0.0
2021-05-01 00:15:00,2021-05-01 01:00:00,1,57997.134075,57520.050162712505,1.7451845031970599,-832.5994504487647,0.75,stop_loss,298.87299999999993,2021-05-01 00:00:00,1012.1569961753215,448.3094999999999,-0.9221878165819575,597.7459999999999,False,-526.364075000005,67.86592499999824,100.79939989230778,-933.3988503410725,-0.009221878165819574,57,0.0
2021-05-13 00:15:00,2021-05-13 00:30:00,-1,48257.449205,49816.01601522749,0.6538709046491619,-1019.1014901596101,0.25,stop_loss,1022.4474999999999,2021-05-13 00:00:00,1002.8230076719109,1533.6712499999999,-1.0482060890413167,2044.8949999999998,False,-2372.550795000003,0.0,32.06369271281413,-1051.165182872424,-0.03331306501527732,58,0.0
2021-06-04 00:00:00,2021-06-04 00:15:00,1,39266.40339,38764.937835000004,2.5271256600391854,-1267.2664716662794,0.25,price_below_ema,178.07000000000008,2021-06-03 23:45:00,992.3113558431867,267.10500000000013,-1.3764469850837926,356.14000000000016,False,-590.743389999996,0.0,98.59750234848552,-1365.8639740147648,-0.013764469850837928,59,0.0
2021-06-06 22:30:00,2021-06-06 23:45:00,-1,35536.432895,35780.75808332249,2.753941902370106,-672.8573739257857,1.25,stop_loss,150.96249999999964,2021-06-06 22:15:00,978.652716103039,226.44374999999945,-0.7878781323914197,301.9249999999993,False,-341.77710500000103,286.96289499999693,98.20170029726681,-771.0590742230526,-0.007878781323914195,60,0.0
2021-06-13 10:30:00,2021-06-13 14:15:00,1,35894.798429999995,35735.073525,2.7049660893187206,-432.05045164464195,3.75,price_below_ema,196.02950000000018,2021-06-13 10:15:00,970.9421253608084,294.04425000000026,-0.5447581530756503,392.05900000000037,False,-224.79842999999528,255.20157000000472,96.87818731025853,-528.9286389549005,-0.005447581530756503,61,0.0
2021-06-20 10:15:00,2021-06-20 12:00:00,-1,34375.213795,33517.4701548975,2.809154423678718,2409.534340976236,1.75,take_profit,218.62350000000114,2021-06-20 10:00:00,965.6528389712595,327.9352500000017,2.3964863259916065,437.2470000000023,False,0.0,959.3337950000059,95.36051672663783,2314.173824249598,0.023964863259916064,62,0.0
2021-07-02 23:15:00,2021-07-03 00:30:00,1,33804.763935,33563.656961407505,2.925015477448727,-705.2416294788767,1.25,stop_loss,149.5445000000007,2021-07-02 23:00:00,988.7945772137555,224.31675000000106,-0.8128770979411993,299.0890000000014,False,-302.5939350000044,109.83606499999587,98.5268369066361,-803.7684663855127,-0.008128770979411995,63,0.0
2021-07-08 08:15:00,2021-07-08 09:00:00,-1,32321.880975,32692.8124621125,2.765864529428854,-1025.9462430527567,0.75,stop_loss,236.39550000000054,2021-07-08 08:00:00,980.7568925499003,354.5932500000008,-1.1377510255230583,472.7910000000011,False,-378.11902499999997,21.23097499999858,89.9109172347002,-1115.857160287457,-0.01248191075708443,64,0.0
2021-07-24 04:45:00,2021-07-24 08:00:00,1,33773.578349999996,33603.19,2.8708782673217264,-489.1642110197901,3.25,price_below_ema,141.9395000000004,2021-07-24 04:30:00,969.5983209470256,212.9092500000006,-0.6042496654044769,283.8790000000008,False,-201.84834999999293,160.67165000000386,96.71524998919267,-585.8794610089828,-0.006042496654044769,65,0.0
2021-09-02 20:00:00,2021-09-02 20:30:00,-1,49315.389970000004,49605.332240985,1.9542368557223349,-566.6158719907135,0.5,stop_loss,176.76799999999966,2021-09-02 19:45:00,963.7395263369358,265.1519999999995,-0.6882286286227441,353.5359999999993,False,-337.6100299999962,0.0,96.65726056968893,-663.2731325604024,-0.0068822862862274415,66,0.0
2021-09-03 04:45:00,2021-09-03 07:00:00,1,49631.433314999995,49294.430455,1.9284286813495424,-649.8859809208113,2.25,price_below_ema,229.56850000000085,2021-09-03 04:30:00,957.1067950113319,344.35275000000127,-0.7786714307285431,459.1370000000017,False,-352.8233149999942,86.96668500000669,95.38573651067279,-745.2717174314841,-0.007786714307285431,67,0.0
2021-09-10 07:30:00,2021-09-10 12:00:00,-1,46203.8865,46504.740499875,2.0553554035698207,-618.3618943286722,4.5,stop_loss,185.07550000000083,2021-09-10 07:15:00,949.654077837017,277.61325000000124,-0.7514699296452819,370.15100000000166,False,-291.10349999999744,580.4464999999982,95.27458873086603,-713.6364830595383,-0.0075146992964528194,68,0.0
2021-09-18 06:00:00,2021-09-18 11:45:00,1,48706.371015,48342.976420000006,1.9351014936344906,-703.2054235631826,5.75,price_below_ema,165.51449999999895,2021-09-18 05:45:00,942.5177130064216,248.2717499999984,-0.8457194821405042,331.0289999999979,False,-391.371014999997,118.16898500000389,93.90016858886057,-797.1055921520432,-0.008457194821405042,69,0.0
2021-09-20 11:30:00,2021-09-21 00:00:00,-1,43845.836115,42390.94099305749,1.688339669186678,2456.3571488817242,12.5,take_profit,369.0199999999997,2021-09-20 11:15:00,934.5466570849011,553.5299999999995,2.550497233010821,738.0399999999994,False,-404.16388500000176,1929.8361149999982,72.79848586717154,2383.5586630145526,0.03219865005392151,70,0.0
2021-10-03 18:00:00,2021-10-03 18:15:00,1,48934.685115,48642.375260692505,1.9584927162865766,-572.4867205600207,0.25,stop_loss,178.65099999999947,2021-10-03 17:45:00,958.3822437150467,267.9764999999992,-0.697048287311416,357.30199999999894,False,-393.3551149999985,55.31488499999978,95.55198101122465,-668.0387015712454,-0.00697048287311416,71,0.0
2021-10-30 05:00:00,2021-10-30 06:30:00,-1,61451.268995000006,61802.09109774751,1.5487098513405306,-543.3216465930548,1.5,stop_loss,213.29100000000034,2021-10-30 04:45:00,951.7018566993341,319.9365000000005,-0.6711802531326633,426.5820000000007,False,-438.7310049999942,40.268995000005816,95.44184649322995,-638.7634930862847,-0.006711802531326632,72,0.0
2021-11-05 02:15:00,2021-11-05 08:00:00,1,61909.089074999996,61989.9895,1.5269393168154468,123.53003967959012,5.75,price_below_ema,237.59150000000008,2021-11-05 02:00:00,945.3142217684714,356.3872500000001,0.030610829517373404,475.18300000000016,False,-288.63907499999914,686.6309250000049,94.59318719668693,28.93685248290319,0.00030610829517373406,73,0.0
2021-11-06 11:15:00,2021-11-06 14:00:00,-1,60316.84649,60711.558098745,1.5677271696392037,-618.8001132015319,2.75,stop_loss,242.9140000000003,2021-11-06 11:00:00,945.6035902933004,364.37100000000044,-0.7547241567326345,485.8280000000006,False,-370.76350999999704,266.84649000000354,94.86975908593081,-713.6698722874627,-0.007547241567326344,74,0.0
2021-11-07 21:15:00,2021-11-08 00:00:00,1,62782.565595,63569.661595,0.7473945056851621,588.2712258467666,2.75,partial_profit,196.77399999999906,2021-11-07 21:00:00,469.2334457852129,295.1609999999986,1.1530587823933252,393.5479999999981,False,-72.65559499999654,1081.1144050000003,47.21748019144467,541.0537456553219,0.011530587823933252,75,0.0
2021-11-07 21:15:00,2021-11-08 00:00:00,1,62782.565595,63537.8767642025,0.7473945056851621,564.5154179445826,2.75,take_profit,196.77399999999906,2021-11-07 21:00:00,469.2334457852129,295.1609999999986,1.1024572530021286,393.5479999999981,True,-72.65559499999654,1081.1144050000003,47.205602287493576,517.3098156570891,0.011024572530021287,76,0.0
2021-11-16 20:45:00,2021-11-16 21:00:00,-1,59316.87672500001,59904.283648237506,1.5999671250114187,-939.8317661841008,0.25,stop_loss,371.6465,2021-11-16 20:30:00,949.05052718355,557.46975,-1.0907814759427819,743.293,False,-1339.1132749999888,0.0,95.37496860144705,-1035.206734785548,-0.01090781475942782,77,0.0
2021-12-01 16:15:00,2021-12-01 16:45:00,1,58978.77465,58433.63471692501,1.5915869147947694,-867.6375842142534,0.5,stop_loss,343.9390000000003,2021-12-01 16:00:00,938.6984598356945,515.9085000000005,-1.023836356963809,687.8780000000006,False,-578.7746499999994,0.0,93.43602719146233,-961.0736114057157,-0.010238363569638089,78,0.0
2021-12-03 17:15:00,2021-12-03 20:00:00,-1,54841.74541,53444.672391705004,1.6941250078306676,2366.81633805903,2.75,take_profit,355.9454999999998,2021-12-03 17:00:00,929.0877237216373,533.9182499999997,2.4487364494954114,711.8909999999996,False,-310.19458999999915,1507.1554100000067,91.72536420313422,2275.0909738558958,0.024487364494954113,79,0.0
2021-12-23 17:00:00,2021-12-23 17:30:00,1,49114.034745,49818.906745,0.9690087959604023,683.0271680262036,0.5,partial_profit,176.2180000000004,2021-12-23 16:45:00,475.91931673009816,264.32700000000057,1.3344567039907589,352.4360000000008,False,-35.324744999998074,767.9652550000028,47.93344525702292,635.0937227691808,0.013344567039907588,80,0.0
2021-12-23 17:00:00,2021-12-23 17:30:00,1,49114.034745,49793.9972916275,0.9690087959604023,658.8896886056855,0.5,take_profit,176.2180000000004,2021-12-23 16:45:00,475.91931673009816,264.32700000000057,1.283764475638763,352.4360000000008,True,-35.324744999998074,767.9652550000028,47.92137651731266,610.9683120883728,0.01283764475638763,81,0.0
2021-12-30 22:45:00,2021-12-30 23:00:00,-1,46842.72692000001,47181.914337585,2.0585890643293308,-698.2475085985774,0.25,stop_loss,210.40549999999968,2021-12-30 22:30:00,964.2992538087718,315.60824999999954,-0.8244604095601779,420.81099999999935,False,-397.27307999999175,0.0,96.77904913517648,-795.0265577337539,-0.008244604095601779,82,0.0
2022-02-04 00:00:00,2022-02-04 01:30:00,1,37330.63599,37033.183635255,2.561834168824816,-762.0236059831434,1.5,stop_loss,185.95100000000056,2022-02-03 23:45:00,956.3489882314342,278.92650000000083,-0.8964065456781098,371.9020000000011,False,-303.9059899999993,0.0,95.25388702015185,-857.2774930032953,-0.0089640654567811,83,0.0
2022-02-20 04:30:00,2022-02-20 06:00:00,-1,39702.57878,39301.71781839,2.38719056148272,956.9315040222795,1.5,take_profit,105.12549999999973,2022-02-20 04:15:00,947.7762133014013,157.68824999999958,0.9101645898448242,210.25099999999946,False,0.0,838.5587800000067,94.29915557812899,862.6323484441505,0.009101645898448241,84,0.0
2022-03-01 12:30:00,2022-03-01 14:30:00,1,44501.39958,44062.960828335,2.149151590314641,-942.2713403963897,2.0,stop_loss,277.59749999999985,2022-03-01 12:15:00,956.4025367858428,416.3962499999998,-1.0847320228690265,555.1949999999997,False,-783.3695799999987,447.6004200000025,95.1691180083861,-1037.4404584047759,-0.010847320228690263,85,0.0
2022-03-07 03:00:00,2022-03-07 05:15:00,-1,37765.467820000005,38177.05931016,2.410185999686122,-992.0120471735735,2.25,stop_loss,261.67499999999893,2022-03-07 02:45:00,946.0281322017951,392.5124999999984,-1.1453463360404548,523.3499999999979,False,-482.0121799999979,187.43782000000647,91.51780783494758,-1083.529855008521,-0.011904069502536276,86,0.0
2022-03-18 16:30:00,2022-03-18 20:00:00,1,41360.60997,42154.625969999994,1.13053559211292,897.6633487071279,3.5,partial_profit,198.50399999999863,2022-03-18 16:15:00,467.59641682585493,297.7559999999979,1.8187797099115075,397.00799999999725,False,-154.9099700000006,964.4100299999991,47.20847335693905,850.4548753501888,0.018187797099115076,87,0.0
2022-03-18 16:30:00,2022-03-18 20:00:00,1,41360.60997,42133.548657014995,1.13053559211292,873.8346961914831,3.5,take_profit,198.50399999999863,2022-03-18 16:15:00,467.59641682585493,297.7559999999979,1.7678453200565551,397.00799999999725,True,-154.9099700000006,964.4100299999991,47.19655903068123,826.6381371608019,0.017678453200565554,88,0.0
2022-04-08 13:15:00,2022-04-08 14:00:00,-1,42976.9008,43214.274389025,2.215059127243581,-525.796534936383,0.75,stop_loss,143.85149999999922,2022-04-08 13:00:00,951.9637637768197,215.77724999999884,-0.6526044721668435,287.70299999999844,False,-405.3292000000001,225.89080000000104,95.45927464515016,-621.2558095815331,-0.006526044721668435,89,0.0
2022-04-21 13:30:00,2022-04-21 14:00:00,1,42841.39999499999,42544.866920002496,2.20756372525497,-654.6156597027846,0.5,stop_loss,183.49999999999963,2022-04-21 13:15:00,945.7512056810044,275.24999999999943,-0.7918186812162735,366.99999999999926,False,-318.20999499999016,0.0,94.24781273824902,-748.8634724410335,-0.007918186812162737,90,0.0
2022-04-24 00:00:00,2022-04-24 00:15:00,-1,39421.889195,39569.0715934725,2.380054812481175,-350.3021757969905,0.25,stop_loss,84.93849999999875,2022-04-23 23:45:00,938.262570956594,127.40774999999813,-0.47353864230943815,169.8769999999975,False,-216.03080499999487,0.0,94.00140818355788,-444.3035839805484,-0.004735386423094382,91,0.0
2022-05-30 20:30:00,2022-05-30 21:15:00,1,31323.493919999997,31843.587919999998,1.490605641729747,775.2550506297925,0.75,partial_profit,130.02350000000007,2022-05-30 20:15:00,466.90976755839426,195.0352500000001,1.5595656740198063,260.04700000000014,False,-331.153919999997,898.5060800000028,47.07860428115433,728.1764463486383,0.015595656740198064,92,0.0
2022-05-30 20:30:00,2022-05-30 21:15:00,1,31323.493919999997,31112.894440664997,1.490605641729747,-313.9207720420984,0.75,stop_loss,130.02350000000007,2022-05-30 20:15:00,466.90976755839426,195.0352500000001,-0.7720009591935476,260.04700000000014,True,-331.153919999997,898.5060800000028,46.534016369818374,-360.45478841191675,-0.007720009591935477,93,0.0
2022-06-11 09:00:00,2022-06-11 09:15:00,-1,28979.542980000002,29090.978950365,3.235029456272521,-360.4986466190772,0.25,stop_loss,64.59850000000006,2022-06-11 08:45:00,937.4967516961556,96.89775000000009,-0.4847254886908487,129.19700000000012,False,-125.80701999999656,52.442980000003445,93.9299244929251,-454.42857111200226,-0.004847254886908487,94,0.0
2022-07-07 14:45:00,2022-07-07 18:30:00,1,20913.95175,21242.64175,2.2304547632539973,733.1281761339534,3.75,partial_profit,82.17249999999986,2022-07-07 14:30:00,466.4762329925178,123.2587499999998,1.4708444722791263,164.34499999999971,False,-83.94175000000178,408.0482499999998,47.01418738731875,686.1139887466346,0.014708444722791267,95,0.0
2022-07-07 14:45:00,2022-07-07 18:30:00,1,20913.95175,21232.020429125,2.2304547632539973,709.4378003962655,3.75,take_profit,82.17249999999986,2022-07-07 14:30:00,466.4762329925178,123.2587499999998,1.4200840500429974,164.34499999999971,True,-83.94175000000178,408.0482499999998,47.002342199449906,662.4354581968156,0.014200840500429978,96,0.0
2022-07-13 12:45:00,2022-07-13 14:30:00,-1,19148.28107,19404.833638035,3.833983352390957,-983.6182748593388,1.75,stop_loss,164.57000000000008,2022-07-13 12:30:00,946.4379604544702,246.85500000000013,-1.1173730545827205,329.14000000000016,False,-429.0289300000004,231.0210700000025,73.90599998671257,-1057.5242748460514,-0.014404902684511181,97,0.0
2022-07-16 17:00:00,2022-07-16 17:45:00,1,21474.862065,21279.577453717502,4.3579451866714916,-851.0396317695802,0.75,stop_loss,123.09299999999985,2022-07-16 16:45:00,935.8627177060096,184.63949999999977,-1.008909069525415,246.1859999999997,False,-257.9520650000013,114.07793499999752,93.16075195471618,-944.2003837242963,-0.010089090695254151,98,0.0
2022-08-19 05:45:00,2022-08-19 06:30:00,-1,22779.90435,22518.353900175,4.0668332036642925,1063.6820537816461,0.75,take_profit,68.2010000000002,2022-08-19 05:30:00,926.4207138687666,102.30150000000032,1.0487371545961457,136.4020000000004,False,-39.36564999999973,1332.1443500000023,92.11023035998583,971.5718234216603,0.010487371545961455,99,0.0
2022-09-10 19:45:00,2022-09-10 20:15:00,1,21598.69395,21464.45310465,4.33422703368128,-581.8303009401949,0.5,stop_loss,82.33550000000014,2022-09-10 19:30:00,936.1364321029832,123.50325000000021,-0.7212122142104073,164.67100000000028,False,-137.4039499999999,0.25604999999995925,93.32272805982822,-675.1530290000231,-0.007212122142104073,100,0.0
2022-09-18 10:00:00,2022-09-18 10:15:00,-1,19824.033025,19904.770686637497,4.688172687368609,-378.51210013092077,0.25,stop_loss,47.19349999999959,2022-09-18 09:45:00,929.384901812983,70.79024999999939,-0.5074752618019084,94.38699999999918,False,-219.57697499999995,0.0,93.12774623136377,-471.6398463622845,-0.005074752618019084,101,0.0
2022-09-28 16:15:00,2022-09-28 17:45:00,1,19595.792999999998,19335.877225,4.71870928290251,-1226.466980265289,1.5,price_below_ema,127.2949999999997,2022-09-28 16:00:00,924.6685033493601,190.94249999999954,-1.4257223992542567,254.5899999999994,False,-339.72299999999814,13.707000000002154,91.85361684480337,-1318.3205971100924,-0.014257223992542567,102,0.0
2022-10-13 02:30:00,2022-10-13 02:45:00,-1,19046.192140000003,19101.775504695004,4.785656317432588,-266.00288039679276,0.25,stop_loss,30.691500000000268,2022-10-13 02:15:00,911.4852973782591,46.0372500000004,-0.3919804440098905,61.383000000000536,False,-51.46785999999702,0.0,91.28153117802432,-357.2844115748171,-0.003919804440098905,103,0.0
2022-10-25 16:00:00,2022-10-25 17:00:00,1,19758.354239999997,20022.424239999997,2.297540681360188,606.7115677267842,1.0,partial_profit,66.01749999999956,2022-10-25 15:45:00,453.9562266312555,99.02624999999934,1.2358297042051605,132.03499999999912,False,-30.0742399999981,434.61576000000423,45.698978446988946,561.0125892797953,0.012358297042051606,104,0.0
2022-10-25 16:00:00,2022-10-25 17:00:00,1,19758.354239999997,20012.413027879997,2.297540681360188,583.7104006113581,1.0,take_profit,66.01749999999956,2022-10-25 15:45:00,453.9562266312555,99.02624999999934,1.1851867893530579,132.03499999999912,True,-30.0742399999981,434.61576000000423,45.687477863431226,538.0229227479268,0.01185186789353058,105,0.0
2022-11-08 18:00:00,2022-11-08 19:15:00,-1,19332.998665,18318.157166332494,2.3929854110961033,2428.5009008862457,1.25,take_profit,255.99900000000034,2022-11-08 17:45:00,918.9028083827882,383.9985000000005,2.593801592328714,511.9980000000007,False,0.0,1659.9986649999992,45.04933330764232,2383.4515675786033,0.05151895668182104,106,0.0
2022-11-30 19:15:00,2022-12-01 01:45:00,1,17051.951715,17108.571435,5.528618306075085,313.028820476859,6.5,price_below_ema,68.61949999999997,2022-11-30 19:00:00,942.7373240585744,102.92924999999997,0.23187643904844601,137.23899999999995,False,-37.51171500000055,197.04828500000076,94.43024681609587,218.59857366076312,0.00231876439048446,107,0.0
2022-12-19 19:00:00,2022-12-19 21:15:00,-1,16535.807960000002,16626.23142123,5.714406650590915,-516.7164282221548,2.25,stop_loss,54.74300000000039,2022-12-19 18:45:00,944.923309795182,82.11450000000059,-0.6471076658573734,109.48600000000079,False,-113.19203999999809,0.0,94.75068919362928,-611.4671174157841,-0.006471076658573735,108,0.0
2023-01-06 18:30:00,2023-01-06 20:00:00,1,16856.80419,17005.58219,2.784657839170831,414.2958239961637,1.5,partial_profit,37.19450000000052,2023-01-06 18:15:00,469.4043193105121,55.791750000000775,0.7821577881780097,74.38900000000103,False,-15.554189999998925,150.43581000000268,47.14757984304929,367.1482441531144,0.007821577881780098,109,0.0
2023-01-06 18:30:00,2023-01-06 20:00:00,1,16856.80419,16997.079398905003,2.784657839170831,390.6184601186469,1.5,take_profit,37.19450000000052,2023-01-06 18:15:00,469.4043193105121,55.791750000000775,0.7317417092839354,74.38900000000103,True,-15.554189999998925,150.43581000000268,47.13574116111053,343.48271895753635,0.007317417092839355,110,0.0
2023-02-07 18:30:00,2023-02-07 19:00:00,-1,22782.233185,22951.2525763425,4.151985192017648,-701.7660100178923,0.5,stop_loss,105.03300000000017,2023-02-07 18:15:00,945.9149482521306,157.54950000000025,-0.8422621815209482,210.06600000000034,False,-338.3168149999983,0.0,94.942377830222,-796.7083878481143,-0.008422621815209481,111,0.0
2023-02-16 16:00:00,2023-02-16 16:15:00,1,25085.206334999995,24740.92335,3.739047834998203,-1287.2905496909477,0.25,stop_loss,125.47650000000048,2023-02-16 15:45:00,937.9478643736494,188.21475000000072,-1.4717680409404312,250.95300000000097,False,-428.3163349999959,0.0,93.15114116251945,-1380.4416908534672,-0.014717680409404313,112,0.0
2023-02-28 06:00:00,2023-02-28 12:00:00,-1,23366.001155,23458.758422452498,3.9550774706152954,-366.86217873720557,6.0,stop_loss,54.02249999999949,2023-02-28 05:45:00,924.1434474651147,81.03374999999923,-0.49717384874974146,108.04499999999898,False,-87.18884499999695,166.00115500000175,92.59777583588007,-459.4599545730856,-0.004971738487497415,113,0.0
2023-03-14 12:45:00,2023-03-14 13:00:00,1,25471.099185,26205.121185,1.6703383966136958,1226.0651305591796,0.25,partial_profit,183.50550000000004,2023-03-14 12:30:00,459.77442395969194,275.2582500000001,2.5727980535188344,367.0110000000001,False,0.0,915.7708149999999,43.158387537940904,1182.9067430212388,0.027803428688780434,114,0.0
2023-03-14 12:45:00,2023-03-14 13:00:00,1,25471.099185,26192.0186244075,1.6703383966136958,1204.1794205075714,0.25,take_profit,183.50550000000004,2023-03-14 12:30:00,459.77442395969194,275.2582500000001,2.525220880764875,367.0110000000001,True,0.0,915.7708149999999,43.1474446829151,1161.0319758246562,0.027289276974436085,115,0.0
2023-04-21 06:45:00,2023-04-21 07:45:00,-1,28007.34932,28120.958522535,3.366931387664225,-382.514389942584,1.0,stop_loss,66.37049999999981,2023-04-21 06:30:00,942.9882351078429,99.5557499999997,-0.5058435014237351,132.74099999999962,False,-166.59067999999752,168.03931999999986,94.49008070575559,-477.0044706483396,-0.005058435014237351,116,0.0
2023-04-29 04:30:00,2023-04-29 04:45:00,1,29424.684989999998,29339.606848004998,3.1885411542050957,-271.27515707436197,0.25,stop_loss,46.93400000000038,2023-04-29 04:15:00,938.2181904013595,70.40100000000058,-0.38899409782263367,93.86800000000076,False,-71.19498999999632,0.0,93.68618146159878,-364.96133853596075,-0.0038899409782263365,117,0.0
2023-05-08 09:00:00,2023-05-08 09:15:00,-1,27691.097525,27853.1323813875,3.374978460757127,-546.8641501996792,0.25,stop_loss,98.74349999999977,2023-05-08 08:45:00,934.568577016,148.11524999999966,-0.685444017411482,197.48699999999954,False,-207.09247499999765,0.0,93.73028977669983,-640.594439976379,-0.0068544401741148205,118,0.0
2023-05-28 22:15:00,2023-05-29 03:45:00,1,28080.59328,27941.012505000002,3.305352644658354,-461.3636837897078,5.5,price_below_ema,109.70749999999971,2023-05-28 22:00:00,928.1626326162361,164.56124999999957,-0.5968234937965617,219.41499999999942,False,-166.31328000000212,366.54671999999846,92.58558141972875,-553.9492652094366,-0.005968234937965618,119,0.0
2023-06-03 20:00:00,2023-06-04 09:00:00,-1,27082.821815,27180.491519032497,3.406672858044433,-332.7287297807438,13.0,stop_loss,56.05750000000044,2023-06-03 19:45:00,922.6231399641417,84.08625000000066,-0.4608137274321694,112.11500000000088,False,-118.92818500000067,167.89181499999904,92.42867836130455,-425.1574081420483,-0.004608137274321695,120,0.0
2023-06-04 21:15:00,2023-06-04 21:30:00,1,27275.080725,27187.15962,3.3670718526634946,-296.0366779005759,0.25,price_below_ema,22.34449999999997,2023-06-04 21:00:00,918.3715658827213,33.51674999999996,-0.42218839362390653,44.68899999999994,False,-80.99072499999966,0.0,91.68913824932184,-387.72581614989775,-0.0042218839362390655,121,0.0
2023-06-05 15:30:00,2023-06-05 15:45:00,-1,26475.775490000004,26173.263581745003,3.454079402005165,1044.9001511648748,0.25,take_profit,78.89799999999995,2023-06-05 15:15:00,914.4943077212222,118.34699999999992,1.0431701568985028,157.7959999999999,False,0.0,475.77549000000363,90.92698069653977,953.9731704683351,0.010431701568985029,122,0.0
2023-06-18 05:30:00,2023-06-18 05:45:00,1,26613.60015,26550.0107538,3.4720369819109407,-220.7847352637776,0.25,stop_loss,33.53850000000038,2023-06-18 05:15:00,924.0340394259056,50.307750000000574,-0.33881624862353427,67.07700000000077,False,-79.57014999999956,19.399850000001607,92.29301157495867,-313.0777468387363,-0.003388162486235343,123,0.0
2023-07-08 06:30:00,2023-07-08 08:15:00,-1,30181.351775000003,30252.3829071375,3.0512326579100617,-216.73251010625725,1.75,stop_loss,37.275,2023-07-08 06:15:00,920.9032619575181,55.912499999999994,-0.3354654232632237,74.55,False,-132.62822499999675,11.351775000002817,92.19869245080494,-308.9312025570622,-0.003354654232632237,124,0.0
2023-07-13 15:30:00,2023-07-13 15:45:00,1,30832.408499999998,31157.748499999998,1.4883915895379167,484.23331974026604,0.25,partial_profit,81.33500000000004,2023-07-13 15:15:00,458.90697496597375,122.00250000000005,0.9546608125018846,162.67000000000007,False,0.0,337.59150000000227,46.132814156467504,438.1005055837985,0.009546608125018846,125,0.0
2023-07-13 15:30:00,2023-07-13 15:45:00,1,30832.408499999998,31142.16962575,1.4883915895379167,461.04585433210144,0.25,take_profit,81.33500000000004,2023-07-13 15:15:00,458.90697496597375,122.00250000000005,0.9041584820956429,162.67000000000007,True,0.0,337.59150000000227,46.12122042376342,414.924633908338,0.00904158482095643,126,0.0
2023-07-17 09:45:00,2023-07-17 10:15:00,-1,30202.891000000003,30102.8268915,3.067071298992102,306.90375523958926,0.5,take_profit,28.776999999999862,2023-07-17 09:30:00,926.3442013268688,43.165499999999795,0.23147204535569946,57.553999999999725,False,-7.098999999998341,237.50100000000384,92.4809682550671,214.42278698452216,0.0023147204535569946,127,0.0
2023-08-08 18:00:00,2023-08-08 21:15:00,1,29823.46428,30206.01628,1.5566408055072434,595.4960534284064,3.25,partial_profit,95.63799999999992,2023-08-08 17:45:00,464.244214598357,143.45699999999988,1.1820801782454753,191.27599999999984,False,-64.01427999999942,420.53571999999986,46.7221694865499,548.7738839418565,0.011820801782454753,128,0.0
2023-08-08 18:00:00,2023-08-08 21:15:00,1,29823.46428,30190.91327186,1.5566408055072434,571.9860946717766,3.25,take_profit,95.63799999999992,2023-08-08 17:45:00,464.244214598357,143.45699999999988,1.1314641381563575,191.27599999999984,True,-64.01427999999942,420.53571999999986,46.71041450717159,525.2756801646051,0.011314641381563576,129,0.0
2023-08-15 01:45:00,2023-08-15 02:00:00,-1,29381.292005000003,29425.78554,3.1966903452644084,-142.23205376117699,0.25,stop_loss,19.603000000000428,2023-08-15 01:30:00,939.2289248377787,29.404500000000642,-0.2515106339092313,39.206000000000856,False,-29.787994999998773,0.0,93.99400851065846,-236.22606227183545,-0.002515106339092313,130,0.0
2023-08-29 14:30:00,2023-08-29 14:45:00,1,26964.51552,27335.27352,1.7372213929083422,644.0887291919076,0.25,partial_profit,92.68949999999987,2023-08-29 14:15:00,468.43333210753013,139.03424999999982,1.274297345432142,185.37899999999973,False,0.0,727.4844799999992,47.16537757534897,596.9233516165586,0.01274297345432142,131,0.0
2023-08-29 14:30:00,2023-08-29 14:45:00,1,26964.51552,27534.18602,1.7372213929083422,989.643779508792,0.25,take_profit,92.68949999999987,2023-08-29 14:15:00,468.43333210753013,139.03424999999982,2.0116109589570708,185.37899999999973,True,0.0,727.4844799999992,47.33815510050741,942.3056244082846,0.020116109589570705,132,0.0
2023-09-04 11:30:00,2023-09-04 11:45:00,-1,25868.829115,25932.03954,3.681105742134818,-232.6842584302864,0.25,stop_loss,29.90400000000027,2023-09-04 11:15:00,952.2589539753087,44.85600000000041,-0.3444719470346276,59.80800000000054,False,-50.26088499999969,0.0,95.342237526746,-328.0264959570324,-0.003444719470346276,133,0.0
2023-09-14 12:00:00,2023-09-14 12:15:00,1,26459.373075,26386.4447527125,3.586550166271233,-261.5610864261091,0.25,stop_loss,39.81900000000023,2023-09-14 11:45:00,948.9786890157384,59.728500000000345,-0.37548596075855645,79.63800000000046,False,-70.07307500000024,133.5769250000012,94.76708835836078,-356.32817478446987,-0.0037548596075855645,134,0.0
2023-09-24 23:30:00,2023-09-25 01:00:00,-1,26231.357760000003,26348.273563005,3.604142095570632,-421.3811672477583,1.5,stop_loss,69.16549999999988,2023-09-24 23:15:00,945.4154072678937,103.74824999999981,-0.545932924924207,138.33099999999976,False,-111.74223999999595,231.3577600000026,94.75223131041324,-516.1333985581715,-0.0054593292492420694,135,0.0
2023-09-30 10:30:00,2023-09-30 11:00:00,1,26988.497504999996,26955.066229747496,3.4839067017647674,-116.47144390072806,0.5,stop_loss,13.298000000000139,2023-09-30 10:15:00,940.2540732823119,19.94700000000021,-0.22381037369228662,26.596000000000277,False,-21.90750499999558,0.0,93.96717160628083,-210.43861550700888,-0.0022381037369228664,136,0.0
2023-10-11 08:00:00,2023-10-11 08:30:00,-1,27008.439025000003,27103.0325188875,3.4735427925281277,-328.5745489129658,0.5,stop_loss,54.03249999999989,2023-10-11 07:45:00,938.1496871272418,81.04874999999984,-0.4504119232764134,108.06499999999978,False,-108.870974999998,0.0,93.97925598718066,-422.5538049001465,-0.004504119232764134,137,0.0
2023-10-16 13:30:00,2023-10-16 13:45:00,1,29345.195265,28225.64012,3.182545355873407,-3563.0350273639237,0.25,stop_loss,131.36549999999988,2023-10-16 13:15:00,933.9241490782404,197.04824999999983,-3.9132149311752027,262.73099999999977,False,-1615.1952649999985,0.0,91.61089739414207,-3654.645924758066,-0.03913214931175203,138,0.0
2023-12-14 13:30:00,2023-12-14 14:15:00,-1,42385.986405,42679.0995403275,2.1171565556034855,-620.5663959921034,0.75,stop_loss,181.18950000000004,2023-12-14 13:15:00,897.3776898306596,271.78425000000004,-0.791878889152306,362.3790000000001,False,-303.1235949999973,64.8764050000027,90.04805218106202,-710.6144481731653,-0.00791878889152306,139,0.0
2023-12-16 11:45:00,2023-12-16 14:15:00,1,42311.40513,42308.825005,2.1040935478592746,-5.428824365171268,2.5,price_below_ema,61.19950000000099,2023-12-16 11:30:00,890.271545348928,91.79925000000148,-0.106094893160785,122.39900000000198,False,-68.40512999999919,236.5948700000008,89.02444012271022,-94.45326448788148,-0.00106094893160785,140,0.0
2023-12-16 23:15:00,2023-12-17 05:30:00,-1,42195.161865,41850.1484819325,2.1076516202245625,727.1680158213825,6.25,take_profit,91.48200000000034,2023-12-16 23:00:00,889.3270127040493,137.22300000000052,0.7180698319476342,182.96400000000068,False,-103.65813499999786,372.9218650000039,88.56911726249425,638.5988985588882,0.007180698319476342,141,0.0
2023-12-21 11:15:00,2023-12-21 11:45:00,1,44076.997485,43868.0744752575,2.032155212011575,-424.56398315737147,0.5,stop_loss,124.65200000000004,2023-12-21 11:00:00,895.7130016896382,186.97800000000007,-0.5737585592319328,249.3040000000001,False,-202.72748500000307,0.0,89.35901817738514,-513.9230013347566,-0.005737585592319327,142,0.0
2023-12-28 13:00:00,2023-12-28 13:15:00,-1,42764.756925,42945.8423650875,2.08249464211421,-377.1094587471041,0.25,stop_loss,106.41550000000025,2023-12-28 12:45:00,890.5737716762907,159.62325000000038,-0.5236572257975944,212.8310000000005,False,-168.66307499999675,84.74692499999946,89.24593189700262,-466.3553906441067,-0.005236572257975945,143,0.0
2024-01-02 01:00:00,2024-01-02 01:45:00,1,45078.528,44734.100510625,1.96525986334303,-676.8895207006897,0.75,stop_loss,214.69949999999955,2024-01-02 00:45:00,885.9102177698496,322.04924999999935,-0.8636790527639002,429.3989999999991,False,-392.5279999999984,0.0,88.2525770166346,-765.1420977173243,-0.008636790527639004,144,0.0
2024-01-14 21:30:00,2024-01-14 21:45:00,-1,42232.88299500001,42481.2054827475,2.079561551354792,-516.4018978564582,0.25,stop_loss,151.394999999999,2024-01-14 21:15:00,878.2587967926763,227.0924999999985,-0.6882777385119095,302.789999999998,False,-322.01700499999424,0.0,88.08408062819586,-604.485978484654,-0.006882777385119096,145,0.0
2024-01-29 03:30:00,2024-01-29 04:15:00,1,42485.6322,42274.004873775004,2.0529621235289746,-434.46288504362695,0.75,stop_loss,126.98650000000052,2024-01-29 03:15:00,872.2139370078298,190.47975000000076,-0.5978659881207641,253.97300000000104,False,-249.62219999999797,0.0,87.00416225826118,-521.4670473018881,-0.0059786598812076415,146,0.0
2024-03-17 07:00:00,2024-03-17 07:30:00,-1,64928.619450000006,65399.172944850005,1.3353114141021687,-628.3354526188697,0.5,stop_loss,291.91349999999983,2024-03-17 06:45:00,866.9992665348109,437.8702499999997,-0.8250866807047503,583.8269999999997,False,-574.0405499999979,395.6194500000056,87.01409437979052,-715.3495469986602,-0.008250866807047503,147,0.0
2024-03-26 07:30:00,2024-03-26 07:45:00,1,71520.98262,70451.13681000001,1.202228688094644,-1286.1993246198329,0.25,price_below_ema,212.86899999999878,2024-03-26 07:15:00,859.8457710648242,319.30349999999817,-1.5951009450979834,425.73799999999756,False,-1108.6526199999935,0.0,85.34147744417251,-1371.5408020640054,-0.015951009450979835,148,0.0
2024-04-05 05:30:00,2024-04-05 06:30:00,-1,66640.663,67167.041987625,1.2696907938088553,-668.3385546418801,1.0,stop_loss,328.5415000000015,2024-04-05 05:15:00,846.1303630441843,492.8122500000023,-0.890271515034006,657.083000000003,False,-538.8969999999972,0.0,84.94720558173935,-753.2857602236195,-0.008902715150340062,149,0.0
2024-04-08 08:15:00,2024-04-08 09:15:00,1,71368.66649999999,72216.71049999999,0.5875109810563353,498.2351624189355,1.0,partial_profit,212.01099999999934,2024-04-08 08:00:00,419.298752720974,318.01649999999904,1.0876640262011825,424.0219999999987,False,-303.1564999999973,1281.333500000008,42.17899285330687,456.05616956562864,0.010876640262011825,150,0.0
2024-04-08 08:15:00,2024-04-08 09:15:00,1,71368.66649999999,72180.60214475,0.5875109810563353,477.0211072016824,1.0,take_profit,212.01099999999934,2024-04-08 08:00:00,419.298752720974,318.01649999999904,1.0370951941880941,424.0219999999987,True,-303.1564999999973,1281.333500000008,42.168385825698245,434.8527213759842,0.010370951941880941,151,0.0
2024-04-13 20:00:00,2024-04-13 20:15:00,-1,64755.61599500001,62575.272,1.22683423043729,2674.920647194404,0.25,take_profit,460.5384999999991,2024-04-13 19:45:00,847.506594351364,690.8077499999986,3.06406312176219,921.0769999999982,False,0.0,3502.73599500001,78.1069459921213,2596.8137012022826,0.03268718115763034,152,0.0
2024-04-25 20:45:00,2024-04-25 22:30:00,1,64897.09233,64608.829425,1.345938161484633,-387.984044379914,1.75,price_below_ema,268.69299999999964,2024-04-25 20:30:00,873.4747313633868,403.03949999999946,-0.5439625308363888,537.3859999999993,False,-314.2023300000001,400.84767000000284,87.15348111414872,-475.13752549406274,-0.005439625308363888,153,0.0
2024-04-27 01:30:00,2024-04-27 02:00:00,-1,62584.27221,62927.952211979995,1.3880857369299846,-477.0573088164959,0.5,stop_loss,208.15450000000018,2024-04-27 01:15:00,868.7233561084462,312.23175000000026,-0.649422130894477,416.30900000000037,False,-315.7277899999972,112.75221000000602,87.11086426525286,-564.1681730817487,-0.0064942213089447705,154,0.0
2024-05-05 07:45:00,2024-05-05 08:00:00,1,63947.958,63681.592025625,1.3496626027958996,-359.5041942712228,0.25,stop_loss,156.3395000000004,2024-05-05 07:30:00,863.0816743776287,234.50925000000063,-0.5163272756697068,312.6790000000008,False,-291.9380000000019,0.0,86.12841534062724,-445.63260961185006,-0.005163272756697069,155,0.0
2024-05-13 03:15:00,2024-05-13 03:45:00,-1,60824.5725,61124.030992125,1.4116422244998272,-422.7282519686974,0.5,stop_loss,179.27449999999953,2024-05-13 03:00:00,858.6253482815102,268.9117499999993,-0.5925776031899959,358.54899999999907,False,-396.21749999999884,4.572500000002037,86.07389895413537,-508.80215092283277,-0.005925776031899959,156,0.0
2024-05-15 18:45:00,2024-05-16 01:30:00,1,65459.123205,65940.403305,1.3039241666883277,627.5527533361702,6.75,price_below_ema,303.1865000000009,2024-05-15 18:30:00,853.537326772282,454.7797500000013,0.6348700019148024,606.3730000000018,False,-156.68320500000118,1206.8767949999965,85.66750905389628,541.8852442822739,0.006348700019148023,157,0.0
2024-05-31 07:45:00,2024-05-31 08:15:00,-1,68135.91500000001,68336.2060275,1.260651125350125,-252.49710921539338,0.5,stop_loss,110.75999999999985,2024-05-31 07:30:00,858.9561792151046,166.13999999999976,-0.39410505900410747,221.5199999999997,False,-174.98499999998603,0.0,86.02186647611816,-338.5189756915115,-0.003941050590041075,158,0.0
2024-06-04 13:45:00,2024-06-04 15:45:00,1,69582.763995,70299.907995,0.6147865795613323,440.89050681293224,2.0,partial_profit,179.2859999999986,2024-06-04 13:30:00,427.7854947290948,268.9289999999979,0.9301192232770549,358.5719999999972,False,-262.97399500000756,897.2360049999988,42.99899472631594,397.89151208661633,0.00930119223277055,159,0.0
2024-06-04 13:45:00,2024-06-04 15:45:00,1,69582.763995,70264.75804100251,0.6147865795613323,419.28078682307705,2.0,take_profit,179.2859999999986,2024-06-04 13:30:00,427.7854947290948,268.9289999999979,0.8796291636654303,358.5719999999972,True,-262.97399500000756,897.2360049999988,42.98818986632102,376.29259695675603,0.008796291636654303,160,0.0
2024-06-12 19:45:00,2024-06-12 21:30:00,-1,68069.42826,68615.930830005,1.2682827704253488,-693.119793530518,1.75,stop_loss,341.4744999999995,2024-06-12 19:30:00,863.3128305486233,512.2117499999993,-0.9032619566033728,682.948999999999,False,-598.0117400000017,655.9182600000058,86.67784295162758,-779.7976364821455,-0.009032619566033729,161,0.0
2024-07-14 21:30:00,2024-07-14 21:45:00,1,60780.364994999996,61366.06499499999,0.7037756800688671,412.20141581633345,0.25,partial_profit,146.42499999999964,2024-07-14 21:15:00,427.7574270919009,219.63749999999948,0.8631517514713093,292.8499999999993,False,-2.104994999994233,640.3250050000061,42.98184341709826,369.2195723992352,0.008631517514713093,162,0.0
2024-07-14 21:30:00,2024-07-14 21:45:00,1,60780.364994999996,61335.3819625025,0.7037756800688671,390.60744375383416,0.25,take_profit,146.42499999999964,2024-07-14 21:15:00,427.7574270919009,219.63749999999948,0.8126951755955829,292.8499999999993,True,-2.104994999994233,640.3250050000061,42.97104643106701,347.63639732276715,0.00812695175595583,163,0.0
2024-07-31 20:45:00,2024-07-31 21:15:00,-1,64607.69999,65156.337627869994,1.3352640846440103,-732.5761333317287,0.5,stop_loss,344.05049999999903,2024-07-31 20:30:00,862.6834138810218,516.0757499999986,-0.9496076423922987,688.1009999999981,False,-528.3400099999999,77.69999000000098,86.63462945476805,-819.2107627864967,-0.009496076423922986,164,0.0
2024-08-15 12:45:00,2024-08-15 13:00:00,1,59210.680544999996,58770.85987000001,1.4431371137572813,-634.7215394902621,0.25,stop_loss,204.39600000000027,2024-08-15 12:30:00,854.491306253157,306.5940000000004,-0.8424349131207713,408.79200000000054,False,-678.2605449999974,0.0,85.13176985557055,-719.8533093458327,-0.008424349131207714,165,0.0
2024-08-28 15:15:00,2024-08-28 16:45:00,-1,58776.606995,59240.9179011225,1.4415476096328186,-669.3262768473334,1.5,stop_loss,289.8034999999989,2024-08-28 15:00:00,847.2927731596985,434.7052499999984,-0.8903536548393748,579.6069999999978,False,-441.77300499999546,916.6069950000019,85.06394045439353,-754.3902173017269,-0.008903536548393747,166,0.0
2024-09-13 11:00:00,2024-09-13 11:15:00,1,58373.161994999995,58185.0084372525,1.438587258745056,-270.67531086309606,0.25,stop_loss,106.03099999999976,2024-09-13 10:45:00,839.7488709866813,159.04649999999964,-0.42216771293754485,212.06199999999953,False,-206.50199499999144,0.0,83.83954944323659,-354.51486030633265,-0.004221677129375449,167,0.0
2024-10-01 20:15:00,2024-10-02 03:30:00,-1,61289.340000000004,61907.575568625,1.3643542619052806,-843.492332914945,7.25,stop_loss,391.53149999999914,2024-10-01 20:00:00,836.203722383618,587.2972499999987,-1.1092206677528365,783.0629999999983,False,-593.6599999999962,1125.3400000000038,84.04211840481926,-927.5344513197642,-0.011092206677528365,168,0.0
2024-10-13 17:15:00,2024-10-13 17:30:00,1,62842.775685,62416.776000000005,1.315868640200437,-560.5596262267582,0.25,price_below_ema,151.87250000000023,2024-10-13 17:00:00,826.9283778704204,227.80875000000034,-0.7775427732405629,303.74500000000046,False,-409.48568499999965,0.0,82.41255797392866,-642.9721842006868,-0.007775427732405629,169,0.0
2024-10-25 07:30:00,2024-10-25 07:45:00,-1,67269.37848500001,67508.03363324249,1.219720881190201,-291.0926677149004,0.25,stop_loss,136.6119999999981,2024-10-25 07:15:00,820.4986560284135,204.91799999999714,-0.4549527009081078,273.2239999999962,False,-262.5915149999928,0.0,82.1954119366988,-373.2880796515992,-0.004549527009081077,170,0.0
2024-10-28 19:30:00,2024-10-28 19:45:00,1,69851.96853,69629.98,1.1692809700575773,-259.56696370005835,0.25,max_drawdown_halt,278.60050000000194,2024-10-28 19:15:00,816.7657752318976,417.9007500000029,-0.41763963193064557,557.2010000000039,False,-391.13852999999654,0.0,81.54679404133974,-341.1137577413981,-0.004176396319306456,171,0.0
